Adjuntas,PR
Chicopee,MA
Brutus,MI
Burt Lake,MI
Huntington,MA
Northfield,MA
Aguada,PR
Carp Lake,MI
Aguadilla,PR
Cedarville,MI
Maricao,PR
Anasco,PR
Angeles,PR
Arecibo,PR
Bajadero,PR
Barceloneta,PR
Boqueron,PR
Cabo Rojo,PR
Penuelas,PR
Camuy,PR
Castaner,PR
Sabana Grande,PR
Ciales,PR
Utuado,PR
Dorado,PR
Ensenada,PR
Florida,PR
Garrochales,PR
Guanica,PR
Guayanilla,PR
Hatillo,PR
Hormigueros,PR
Isabela,PR
Jayuya,PR
Lajas,PR
Lares,PR
Las Marias,PR
Manati,PR
Moca,PR
Rincon,PR
Quebradillas,PR
Mayaguez,PR
San German,PR
San Sebastian,PR
Morovis,PR
Sabana Hoyos,PR
San Antonio,PR
Vega Alta,PR
Vega Baja,PR
Yauco,PR
Aguas Buenas,PR
Aguirre,PR
Aibonito,PR
Maunabo,PR
Arroyo,PR
Mercedita,PR
Ponce,PR
Naguabo,PR
Naranjito,PR
Orocovis,PR
Patillas,PR
Caguas,PR
Canovanas,PR
Ceiba,PR
Cayey,PR
Fajardo,PR
Cidra,PR
Puerto Real,PR
Punta Santiago,PR
Rio Grande,PR
Salinas,PR
San Lorenzo,PR
Santa Isabel,PR
Vieques,PR
Villalba,PR
Yabucoa,PR
Coamo,PR
Las Piedras,PR
Loiza,PR
Luquillo,PR
Culebra,PR
Juncos,PR
Gurabo,PR
Coto Laurel,PR
Comerio,PR
Corozal,PR
Guayama,PR
La Plata,PR
Humacao,PR
Barranquitas,PR
Juana Diaz,PR
St Thomas,VI
Christiansted,VI
St John,VI
Frederiksted,VI
Kingshill,VI
San Juan,PR
Fort Buchanan,PR
Toa Baja,PR
Sabana Seca,PR
Toa Alta,PR
Bayamon,PR
Catano,PR
Guaynabo,PR
Trujillo Alto,PR
Carolina,PR
Charlevoix,MI
Agawam,MA
Amherst,MA
Barre,MA
Cheboygan,MI
Belchertown,MA
Conway,MI
Blandford,MA
Bondsville,MA
Brimfield,MA
Dafter,MI
Chester,MA
Chesterfield,MA
Cummington,MA
De Tour Village,MI
Drummond Island,MI
Easthampton,MA
East Longmeadow,MA
East Otis,MA
Feeding Hills,MA
Gilbertville,MA
Goshen,MA
Granby,MA
Granville,MA
Hadley,MA
Hampden,MA
Hardwick,MA
East Jordan,MI
Eckerman,MI
Ellsworth,MI
Hatfield,MA
Haydenville,MA
Holyoke,MA
Leeds,MA
Leverett,MA
Ludlow,MA
Monson,MA
Daggett,MI
Northampton,MA
Florence,MA
North Hatfield,MA
Oakham,MA
Palmer,MA
Plainfield,MA
Russell,MA
Shutesbury,MA
Southampton,MA
South Barre,MA
South Hadley,MA
Southwick,MA
Thorndike,MA
Three Rivers,MA
Wales,MA
Deerton,MI
Eben Junction,MI
Rumely,MI
Ware,MA
Engadine,MI
Warren,MA
West Chesterfield,MA
Westfield,MA
West Hatfield,MA
Escanaba,MI
West Springfield,MA
West Warren,MA
Whately,MA
Wheelwright,MA
Felch,MI
Wilbraham,MA
Williamsburg,MA
Woronoco,MA
Worthington,MA
Springfield,MA
Little Lake,MI
Longmeadow,MA
Indian Orchard,MA
Foster City,MI
Pittsfield,MA
Adams,MA
Ashley Falls,MA
Becket,MA
Berkshire,MA
Garden,MI
Cheshire,MA
Dalton,MA
Glendale,MA
Great Barrington,MA
Hinsdale,MA
Germfask,MI
Housatonic,MA
Lanesborough,MA
Gladstone,MI
Lee,MA
Lenox,MA
Lenox Dale,MA
Middlefield,MA
Mill River,MA
Monterey,MA
Gould City,MI
North Adams,MA
Otis,MA
Richmond,MA
Sandisfield,MA
Savoy,MA
Sheffield,MA
South Egremont,MA
Southfield,MA
South Lee,MA
Stockbridge,MA
Tyringham,MA
West Stockbridge,MA
Grand Marais,MI
Gulliver,MI
Williamstown,MA
Windsor,MA
Greenfield,MA
Ashfield,MA
Athol,MA
Bernardston,MA
Buckland,MA
Charlemont,MA
Colrain,MA
Conway,MA
Seney,MI
Deerfield,MA
Drury,MA
Erving,MA
Heath,MA
Lake Pleasant,MA
Millers Falls,MA
Monroe Bridge,MA
Montague,MA
Gill,MA
New Salem,MA
Shingleton,MI
Skandia,MI
Spalding,MI
Orange,MA
Petersham,MA
Rowe,MA
Royalston,MA
Stephenson,MI
Shelburne Falls,MA
Trenary,MI
South Deerfield,MA
Sunderland,MA
Turners Falls,MA
Warwick,MA
Wendell,MA
Wendell Depot,MA
Vulcan,MI
Wallace,MI
Wells,MI
Fitchburg,MA
Ashburnham,MA
Ashby,MA
Ayer,MA
Wetmore,MI
Wilson,MI
Devens,MA
Ahmeek,MI
Baldwinville,MA
East Templeton,MA
Gardner,MA
Alpha,MI
Groton,MA
Harvard,MA
Amasa,MI
Atlantic Mine,MI
Hubbardston,MA
Leominster,MA
Littleton,MA
Dollar Bay,MI
Lunenburg,MA
Pepperell,MA
Ewen,MI
Shirley,MA
Templeton,MA
Townsend,MA
Westminster,MA
West Townsend,MA
Gaastra,MI
Winchendon,MA
Auburn,MA
Berlin,MA
Blackstone,MA
Boylston,MA
Greenland,MI
Brookfield,MA
Charlton,MA
Clinton,MA
Hancock,MI
East Brookfield,MA
Douglas,MA
Fiskdale,MA
Grafton,MA
Holden,MA
Houghton,MI
Holland,MA
Jefferson,MA
Lancaster,MA
Leicester,MA
Linwood,MA
Millbury,MA
Millville,MA
New Braintree,MA
Hubbell,MI
Northborough,MA
Northbridge,MA
North Brookfield,MA
North Grafton,MA
North Oxford,MA
Iron River,MI
Oxford,MA
Princeton,MA
Rochdale,MA
Rutland,MA
Shrewsbury,MA
Southbridge,MA
South Grafton,MA
Ironwood,MI
Kearsarge,MI
South Lancaster,MA
Spencer,MA
Sterling,MA
Lake Linden,MI
Sturbridge,MA
Lanse,MI
Upton,MA
Uxbridge,MA
Webster,MA
Dudley,MA
Marenisco,MI
Mass City,MI
Westborough,MA
West Boylston,MA
West Brookfield,MA
Mohawk,MI
Nisula,MI
Whitinsville,MA
Sutton,MA
Ontonagon,MI
Worcester,MA
Cherry Valley,MA
Paxton,MA
Framingham,MA
Acton,MA
Boxborough,MA
Ashland,MA
Bedford,MA
Hanscom Afb,MA
Bolton,MA
Carlisle,MA
Concord,MA
Painesdale,MI
Fayville,MA
Holliston,MA
Hopedale,MA
Pelkie,MI
Hopkinton,MA
Hudson,MA
Ramsay,MI
Marlborough,MA
Rockland,MI
Maynard,MA
Mendon,MA
Milford,MA
Natick,MA
Sherborn,MA
Southborough,MA
Lincoln,MA
Stow,MA
Sudbury,MA
Wayland,MA
Sidnaw,MI
Skanee,MI
Woburn,MA
Burlington,MA
South Range,MI
Toivola,MI
Andover,MA
Billerica,MA
Chelmsford,MA
Dracut,MA
Dunstable,MA
Trout Creek,MI
Haverhill,MA
Georgetown,MA
Groveland,MA
Lawrence,MA
Wakefield,MI
Methuen,MA
North Andover,MA
Lowell,MA
Merrimac,MA
Watersmeet,MI
Watton,MI
North Billerica,MA
White Pine,MI
North Chelmsford,MA
North Reading,MA
Ackworth,IA
Reading,MA
Tewksbury,MA
Adair,IA
Tyngsboro,MA
Adel,IA
Albion,IA
Alden,IA
Wakefield,MA
Westford,MA
Corydon,IA
Wilmington,MA
Cumming,IA
Winchester,MA
Melcher Dallas,IA
Lynn,MA
Dallas Center,IA
Dana,IA
Saugus,MA
Davis City,IA
Swampscott,MA
Dawson,IA
Decatur,IA
Nahant,MA
Amesbury,MA
Derby,IA
De Soto,IA
Beverly,MA
Dexter,IA
Dows,IA
Boxford,MA
Byfield,MA
Coon Rapids,IA
Danvers,MA
Earlham,IA
Essex,MA
Elkhart,IA
Gloucester,MA
Hathorne,MA
Ellston,IA
Ellsworth,IA
Ipswich,MA
Exira,IA
Lynnfield,MA
Manchester,MA
Ferguson,IA
Marblehead,MA
Middleton,MA
Galt,IA
Garden City,IA
Newburyport,MA
Newbury,MA
Garden Grove,IA
Salisbury,MA
Gibson,IA
Gilbert,IA
Peabody,MA
Prides Crossing,MA
Gilman,IA
Rockport,MA
Grand Junction,IA
Rowley,MA
Grand River,IA
Granger,IA
Salem,MA
South Hamilton,MA
Gray,IA
Topsfield,MA
Wenham,MA
West Newbury,MA
Grimes,IA
Bellingham,MA
Canton,MA
Cohasset,MA
Grinnell,IA
Guthrie Center,IA
Dedham,MA
Hamilton,IA
Dover,MA
Hamlin,IA
East Walpole,MA
Foxboro,MA
Hartford,IA
Franklin,MA
Harvey,IA
Hingham,MA
Haverhill,IA
Hubbard,IA
Hull,MA
Humeston,IA
Humarock,MA
Mansfield,MA
Huxley,IA
Marshfield,MA
Indianola,IA
Iowa Falls,IA
Medfield,MA
Medway,MA
Millis,MA
Norfolk,MA
Norwell,MA
Ira,IA
Norwood,MA
Jamaica,IA
Scituate,MA
Jefferson,IA
Jewell,IA
Sharon,MA
Johnston,IA
South Walpole,MA
Stoughton,MA
Kamrar,IA
Kellerton,IA
Walpole,MA
Westwood,MA
Wrentham,MA
Kelley,IA
Boston,MA
Roxbury,MA
Roxbury Crossing,MA
Dorchester,MA
Dorchester Center,MA
Mattapan,MA
South Boston,MA
East Boston,MA
Charlestown,MA
Jamaica Plain,MA
Roslindale,MA
West Roxbury,MA
Allston,MA
Brighton,MA
Hyde Park,MA
Kellogg,IA
Cambridge,MA
Keswick,IA
Killduff,IA
Somerville,MA
Knoxville,IA
Malden,MA
Lacona,IA
Everett,MA
Lamoni,IA
Laurel,IA
Chelsea,MA
Le Grand,IA
Revere,MA
Winthrop,MA
Leighton,IA
Medford,MA
Leon,IA
Liberty Center,IA
Linden,IA
Quincy,MA
Lineville,IA
Melrose,MA
Liscomb,IA
Stoneham,MA
Braintree,MA
Lorimor,IA
Lovilia,IA
Milton,MA
Weymouth,MA
East Weymouth,MA
South Weymouth,MA
North Weymouth,MA
Lucas,IA
Brockton,MA
Avon,MA
Luther,IA
Bridgewater,MA
Carver,MA
Lynnville,IA
McCallsburg,IA
Duxbury,MA
East Bridgewater,MA
Halifax,MA
Hanover,MA
Macksburg,IA
Hanson,MA
Madrid,IA
Holbrook,MA
Middleboro,MA
Lakeville,MA
Monponsett,MA
Malcom,IA
Marshalltown,IA
Abington,MA
North Easton,MA
Pembroke,MA
Martensdale,IA
Plymouth,MA
Maxwell,IA
Kingston,MA
South Carver,MA
Plympton,MA
Melbourne,IA
Menlo,IA
Randolph,MA
Rockland,MA
South Easton,MA
West Bridgewater,MA
Whitman,MA
Millerton,IA
Lexington,MA
Milo,IA
Brookline,MA
Minburn,IA
Mingo,IA
Waltham,MA
Babson Park,MA
Mitchellville,IA
Newton,MA
Newton Center,MA
Newtonville,MA
Newton Highlands,MA
Newton Lower Falls,MA
Newton Upper Falls,MA
West Newton,MA
Auburndale,MA
Chestnut Hill,MA
Waban,MA
Monroe,IA
Watertown,MA
Montezuma,IA
Montour,IA
Arlington,MA
Murray,IA
Belmont,MA
Wellesley Hills,MA
Nevada,IA
New Providence,IA
Wellesley,MA
New Sharon,IA
Needham,MA
Weston,MA
Needham Heights,MA
Newton,IA
Buzzards Bay,MA
Cataumet,MA
Chilmark,MA
New Virginia,IA
Norwalk,IA
East Falmouth,MA
Ogden,IA
East Sandwich,MA
East Wareham,MA
Osceola,IA
Edgartown,MA
Otley,IA
Panora,IA
Falmouth,MA
Paton,IA
Woods Hole,MA
Patterson,IA
Monument Beach,MA
Pella,IA
Perry,IA
Peru,IA
Pilot Mound,IA
Nantucket,MA
Pleasantville,IA
North Falmouth,MA
Oak Bluffs,MA
Stuart,IA
Sully,IA
Onset,MA
Swan,IA
Thayer,IA
Pocasset,MA
Thornburg,IA
Sagamore,MA
Sagamore Beach,MA
Tracy,IA
Truro,IA
Sandwich,MA
Union,IA
Siasconset,MA
Van Meter,IA
Van Wert,IA
Vineyard Haven,MA
Wareham,MA
West Tisbury,MA
Waukee,IA
Weldon,IA
West Wareham,MA
West Des Moines,IA
Hyannis,MA
What Cheer,IA
Whitten,IA
Barnstable,MA
Williams,IA
Brewster,MA
Williamson,IA
Winterset,IA
Centerville,MA
Wiota,IA
Woodburn,IA
Chatham,MA
Woodward,IA
Cotuit,MA
Cummaquid,MA
Yale,IA
Zearing,IA
Dennis,MA
Des Moines,IA
Dennis Port,MA
Urbandale,IA
Windsor Heights,IA
East Dennis,MA
Eastham,MA
East Orleans,MA
Clive,IA
Forestdale,MA
Harwich,MA
Pleasant Hill,IA
Mason City,IA
Harwich Port,MA
Hyannis Port,MA
Alexander,IA
Belmond,IA
Marstons Mills,MA
Mashpee,MA
North Chatham,MA
Britt,IA
North Truro,MA
Buffalo Center,IA
Carpenter,IA
Orleans,MA
Chapin,IA
Osterville,MA
Clear Lake,IA
Corwith,IA
Provincetown,MA
South Chatham,MA
Coulter,IA
Crystal Lake,IA
South Dennis,MA
South Wellfleet,MA
Dougherty,IA
South Yarmouth,MA
Truro,MA
Wellfleet,MA
Fertile,IA
Floyd,IA
West Barnstable,MA
Forest City,IA
West Dennis,MA
West Harwich,MA
West Hyannisport,MA
Garner,IA
Goodell,IA
West Yarmouth,MA
Yarmouth Port,MA
Grafton,IA
Hampton,IA
Assonet,MA
Hanlontown,IA
Attleboro,MA
Cuttyhunk,MA
Dighton,MA
East Freetown,MA
East Taunton,MA
Fairhaven,MA
Joice,IA
Kanawha,IA
Fall River,MA
Kensett,IA
Somerset,MA
Marion,MA
Mattapoisett,MA
Klemme,IA
Lake Mills,IA
New Bedford,MA
Acushnet,MA
North Dartmouth,MA
Lakota,IA
South Dartmouth,MA
Latimer,IA
Leland,IA
North Attleboro,MA
Plainville,MA
Attleboro Falls,MA
North Dighton,MA
Norton,MA
Raynham,MA
Rehoboth,MA
Rochester,MA
Seekonk,MA
Swansea,MA
Berkley,MA
Little Cedar,IA
McIntire,IA
Taunton,MA
Westport,MA
Westport Point,MA
Albion,RI
Ashaway,RI
Barrington,RI
Block Island,RI
Bradford,RI
Bristol,RI
Carolina,RI
Manly,IA
Charlestown,RI
Chepachet,RI
Clayville,RI
Coventry,RI
West Greenwich,RI
East Greenwich,RI
Exeter,RI
Fiskeville,RI
Forestdale,RI
Foster,RI
Glendale,RI
Meservey,IA
Greene,RI
Greenville,RI
Harmony,RI
Harrisville,RI
Hope,RI
Hope Valley,RI
Nora Springs,IA
Hopkinton,RI
Jamestown,RI
Kenyon,RI
Little Compton,RI
Manville,RI
Mapleville,RI
Newport,RI
Middletown,RI
North Kingstown,RI
North Scituate,RI
Oakland,RI
Pascoag,RI
Northwood,IA
Pawtucket,RI
Central Falls,RI
Cumberland,RI
Lincoln,RI
Portsmouth,RI
Prudence Island,RI
Rockville,RI
Saunderstown,RI
Shannock,RI
Slatersville,RI
Tiverton,RI
Orchard,IA
Wakefield,RI
Kingston,RI
Narragansett,RI
Warren,RI
Warwick,RI
Westerly,RI
Osage,IA
West Kingston,RI
West Warwick,RI
Wood River Junction,RI
Woonsocket,RI
North Smithfield,RI
Wyoming,RI
Providence,RI
Cranston,RI
North Providence,RI
Plymouth,IA
East Providence,RI
Riverside,RI
Rumford,RI
Smithfield,RI
Johnston,RI
Amherst,NH
Auburn,NH
Brookline,NH
Candia,NH
Chester,NH
Deerfield,NH
Rake,IA
Derry,NH
Epping,NH
Francestown,NH
Fremont,NH
Riceville,IA
Goffstown,NH
Dunbarton,NH
Greenfield,NH
Greenville,NH
Hollis,NH
Hudson,NH
Litchfield,NH
Rock Falls,IA
Londonderry,NH
Merrimack,NH
Milford,NH
Mont Vernon,NH
Rockford,IA
Nashua,NH
New Boston,NH
New Ipswich,NH
Pelham,NH
Raymond,NH
Salem,NH
Lyndeborough,NH
Temple,NH
Rockwell,IA
Wilton,NH
Windham,NH
Manchester,NH
Rowan,IA
Hooksett,NH
Bedford,NH
Waterville Valley,NH
Andover,NH
Ashland,NH
Barnstead,NH
Rudd,IA
Belmont,NH
Bradford,NH
Saint Ansgar,IA
Bristol,NH
Campton,NH
Canterbury,NH
Center Barnstead,NH
Center Harbor,NH
Center Sandwich,NH
Contoocook,NH
Danbury,NH
East Andover,NH
Elkins,NH
Epsom,NH
Scarville,IA
Franklin,NH
Gilmanton,NH
Glencliff,NH
Grafton,NH
Hebron,NH
Henniker,NH
Hill,NH
Hillsborough,NH
Holderness,NH
Sheffield,IA
Laconia,NH
Gilford,NH
Lincoln,NH
Stacyville,IA
Meredith,NH
Moultonborough,NH
Newbury,NH
New Hampton,NH
Swaledale,IA
New London,NH
Chichester,NH
North Sandwich,NH
North Sutton,NH
Northwood,NH
Thompson,IA
North Woodstock,NH
Pittsfield,NH
Plymouth,NH
Rumney,NH
Salisbury,NH
Sanbornton,NH
South Sutton,NH
Thornton,IA
Suncook,NH
Tilton,NH
Warner,NH
Warren,NH
Washington,NH
Weare,NH
Wentworth,NH
Springfield,NH
Thornton,NH
Wilmot,NH
Nottingham,NH
West Nottingham,NH
Woodstock,NH
Titonka,IA
Concord,NH
Bow,NH
Loudon,NH
Ventura,IA
Keene,NH
Antrim,NH
Ashuelot,NH
Wesley,IA
Bennington,NH
Chesterfield,NH
Dublin,NH
Sullivan,NH
Swanzey,NH
Fitzwilliam,NH
Gilsum,NH
Hancock,NH
Harrisville,NH
Woden,IA
Hinsdale,NH
Jaffrey,NH
Marlborough,NH
Marlow,NH
Nelson,NH
Fort Dodge,IA
Peterborough,NH
Rindge,NH
Spofford,NH
Stoddard,NH
Troy,NH
West Chesterfield,NH
Westmoreland,NH
Albert City,IA
Winchester,NH
Littleton,NH
Algona,IA
Berlin,NH
Bethlehem,NH
Bretton Woods,NH
Armstrong,IA
Colebrook,NH
Errol,NH
Franconia,NH
Gorham,NH
Ayrshire,IA
Groveton,NH
Jefferson,NH
Lancaster,NH
Badger,IA
Lisbon,NH
Sugar Hill,NH
Milan,NH
North Stratford,NH
Pittsburg,NH
Randolph,NH
Twin Mountain,NH
Bancroft,IA
West Stewartstown,NH
Whitefield,NH
Acworth,NH
Alstead,NH
Barnum,IA
Charlestown,NH
Drewsville,NH
Lempster,NH
South Acworth,NH
Walpole,NH
Bode,IA
North Walpole,NH
Bath,NH
Canaan,NH
Bradgate,IA
Burnside,IA
Claremont,NH
Cornish,NH
Enfield,NH
Etna,NH
Georges Mills,NH
Goshen,NH
Grantham,NH
Burt,IA
Hanover,NH
Haverhill,NH
Lebanon,NH
Lyme,NH
Meriden,NH
Monroe,NH
Callender,IA
Newport,NH
North Haverhill,NH
Orford,NH
Piermont,NH
Pike,NH
Clare,IA
Plainfield,NH
Sunapee,NH
West Lebanon,NH
Woodsville,NH
Portsmouth,NH
Clarion,IA
Alton,NH
Alton Bay,NH
Oelwein,IA
Oran,IA
Atkinson,NH
Bartlett,NH
Center Conway,NH
Parkersburg,IA
Center Ossipee,NH
Center Tuftonboro,NH
Chocorua,NH
Conway,NH
Danville,NH
Plainfield,IA
Dover,NH
Madbury,NH
Raymond,IA
Durham,NH
Barrington,NH
East Hampstead,NH
East Kingston,NH
East Wakefield,NH
Eaton Center,NH
Exeter,NH
Readlyn,IA
Farmington,NH
Freedom,NH
Gilmanton Iron Works,NH
Glen,NH
Reinbeck,IA
Rochester,NH
Greenland,NH
Hampstead,NH
Shell Rock,IA
Hampton,NH
Hampton Falls,NH
Intervale,NH
Jackson,NH
Kearsarge,NH
Kingston,NH
Madison,NH
Melvin Village,NH
Stanley,IA
Milton,NH
Steamboat Rock,IA
Milton Mills,NH
Mirror Lake,NH
New Castle,NH
New Durham,NH
Newfields,NH
Stout,IA
Newmarket,NH
Newton,NH
North Conway,NH
Lee,NH
North Hampton,NH
Ossipee,NH
Plaistow,NH
Rollinsford,NH
Rye,NH
Sumner,IA
Rye Beach,NH
Traer,IA
Sanbornville,NH
Sandown,NH
Seabrook,NH
Silver Lake,NH
Somersworth,NH
Effingham,NH
South Tamworth,NH
Strafford,NH
Stratham,NH
Tamworth,NH
Tripoli,IA
Union,NH
West Ossipee,NH
Waverly,IA
Wolfeboro,NH
Wonalancet,NH
Wellsburg,IA
Berwick,ME
Westgate,IA
Cape Neddick,ME
Eliot,ME
Winthrop,IA
Kittery,ME
Waterloo,IA
Kittery Point,ME
Evansdale,IA
North Berwick,ME
Ogunquit,ME
South Berwick,ME
York,ME
York Beach,ME
Creston,IA
Afton,IA
York Harbor,ME
Acton,ME
Arispe,IA
Alfred,ME
Bailey Island,ME
Bedford,IA
Biddeford,ME
Biddeford Pool,ME
Benton,IA
Bowdoinham,ME
Blockton,IA
Bridgton,ME
Brownfield,ME
Bridgewater,IA
Carbon,IA
Brunswick,ME
Clearfield,IA
Casco,ME
Chebeague Island,ME
Cliff Island,ME
Cornish,ME
Corning,IA
Cumberland Center,ME
Denmark,ME
East Baldwin,ME
Lebanon,ME
Sebago,ME
East Waterboro,ME
Cromwell,IA
Freeport,ME
Cumberland,IA
Fryeburg,ME
Diagonal,IA
Gorham,ME
Fontanelle,IA
Grant,IA
Gray,ME
Harrison,ME
Hiram,ME
Hollis Center,ME
Gravity,IA
Kennebunk,ME
Greenfield,IA
Kennebunkport,ME
Parsonsfield,ME
Limerick,ME
Limington,ME
Long Island,ME
Lovell,ME
Naples,ME
Newfield,ME
Lenox,IA
Massena,IA
Mount Ayr,IA
Nodaway,IA
Orient,IA
Prescott,IA
Redding,IA
Shannon City,IA
Sharpsburg,IA
Tingley,IA
Villisca,IA
Akron,IA
Alta,IA
Alton,IA
Anthon,IA
Aurelia,IA
Battle Creek,IA
Bronson,IA
Brunsville,IA
Calumet,IA
Castana,IA
Chatsworth,IA
Cherokee,IA
Cleghorn,IA
Climbing Hill,IA
Correctionville,IA
Cushing,IA
Danbury,IA
Galva,IA
Granville,IA
Hawarden,IA
North Bridgton,ME
North Waterboro,ME
Hinton,IA
Holstein,IA
Windham,ME
Ocean Park,ME
Pierson,IA
Quimby,IA
Remsen,IA
Old Orchard Beach,ME
Orrs Island,ME
Porter,ME
Pownal,ME
Raymond,ME
Rodney,IA
Saco,ME
Salix,IA
Sanford,ME
Scarborough,ME
Shapleigh,ME
Schaller,IA
Sergeant Bluff,IA
Sloan,IA
Smithland,IA
Sutherland,IA
Ute,IA
Washta,IA
Westfield,IA
Whiting,IA
Sioux City,IA
Sheldon,IA
Alvord,IA
Archer,IA
Ashton,IA
Boyden,IA
Doon,IA
George,IA
Hospers,IA
Hull,IA
Inwood,IA
Larchwood,IA
Lester,IA
Little Rock,IA
Matlock,IA
Primghar,IA
Rock Rapids,IA
Rock Valley,IA
Sanborn,IA
Sibley,IA
Sioux Center,IA
Spencer,IA
Arnolds Park,IA
Dickens,IA
Estherville,IA
Everly,IA
Fostoria,IA
Gillett Grove,IA
Graettinger,IA
Greenville,IA
Harris,IA
Hartley,IA
Lake Park,IA
Melvin,IA
Milford,IA
Ocheyedan,IA
Okoboji,IA
Royal,IA
Ruthven,IA
Spirit Lake,IA
Superior,IA
Terril,IA
Wallingford,IA
Webb,IA
Carroll,IA
Arcadia,IA
Arthur,IA
Aspinwall,IA
Harpswell,ME
Springvale,ME
Standish,ME
Maynard,IA
Morrison,IA
Nashua,IA
New Hampton,IA
New Hartford,IA
Hornick,IA
Ireton,IA
Kingsley,IA
Larrabee,IA
Lawton,IA
Le Mars,IA
Linn Grove,IA
Mapleton,IA
Marcus,IA
Maurice,IA
Meriden,IA
Merrill,IA
Moville,IA
Onawa,IA
Orange City,IA
Oto,IA
Oyens,IA
Paullina,IA
Peterson,IA
Auburn,IA
Breda,IA
Charter Oak,IA
Dedham,IA
Deloit,IA
Denison,IA
Glidden,IA
Halbur,IA
Ida Grove,IA
Irwin,IA
Kirkman,IA
Kiron,IA
Lake City,IA
Lake View,IA
Lanesboro,IA
Lidderdale,IA
Lohrville,IA
Manilla,IA
Manning,IA
Odebolt,IA
Ralston,IA
Ricketts,IA
Schleswig,IA
Scranton,IA
Templeton,IA
Vail,IA
Wall Lake,IA
Westside,IA
Council Bluffs,IA
Carter Lake,IA
Arion,IA
Avoca,IA
Blencoe,IA
Carson,IA
Steep Falls,ME
Dumont,IA
Topsham,ME
Dunkerton,IA
Steep Falls,ME
Dike,IA
Topsham,ME
Dumont,IA
Waterboro,ME
Dewar,IA
Waterford,ME
Wells,ME
West Baldwin,ME
Eldora,IA
Westbrook,ME
Buxton,ME
West Newfield,ME
Elma,IA
Yarmouth,ME
North Yarmouth,ME
Fairbank,IA
Fredericksburg,IA
Frederika,IA
Portland,ME
Falmouth,ME
South Portland,ME
Cape Elizabeth,ME
Peaks Island,ME
Cumberland Foreside,ME
Auburn,ME
Andover,ME
Bethel,ME
Bryant Pond,ME
Buckfield,ME
Canton,ME
Durham,ME
Dixfield,ME
East Andover,ME
East Dixfield,ME
Stoneham,ME
East Wilton,ME
Greene,ME
Hanover,ME
Hebron,ME
Jay,ME
Lewiston,ME
Lisbon,ME
Lisbon Falls,ME
Livermore,ME
Livermore Falls,ME
Greenwood,ME
Mechanic Falls,ME
Mexico,ME
Minot,ME
Monmouth,ME
New Gloucester,ME
Newry,ME
Leeds,ME
North Monmouth,ME
Marble Rock,IA
North Waterford,ME
Masonville,IA
Crescent,IA
Norway,ME
Oxford,ME
Paris,ME
Poland,ME
Roxbury,ME
Earling,IA
Rumford,ME
Sabattus,ME
Elk Horn,IA
South Paris,ME
Turner,ME
Elliott,IA
Emerson,IA
Glenwood,IA
Griswold,IA
Hancock,IA
Harlan,IA
Hastings,IA
Henderson,IA
Honey Creek,IA
Kimballton,IA
Lewis,IA
Little Sioux,IA
Logan,IA
McClelland,IA
Macedonia,IA
Magnolia,IA
Malvern,IA
Marne,IA
Minden,IA
Mineola,IA
Missouri Valley,IA
Modale,IA
Mondamin,IA
Moorhead,IA
Neola,IA
Oakland,IA
Pacific Junction,IA
Panama,IA
Persia,IA
Pisgah,IA
Portsmouth,IA
Red Oak,IA
Shelby,IA
Silver City,IA
Soldier,IA
Stanton,IA
Treynor,IA
Underwood,IA
Walnut,IA
Westphalia,IA
Woodbine,IA
Shenandoah,IA
Blanchard,IA
Braddyville,IA
Clarinda,IA
Coin,IA
College Springs,IA
Essex,IA
Farragut,IA
Hamburg,IA
Imogene,IA
New Market,IA
Northboro,IA
Percival,IA
Randolph,IA
Riverton,IA
Shambaugh,IA
Sidney,IA
Tabor,IA
Wayne,ME
Weld,ME
West Bethel,ME
Bowdoin,ME
West Paris,ME
Peru,ME
Sumner,ME
Buckingham,IA
Wilton,ME
Augusta,ME
Cedar Falls,IA
Coopers Mills,ME
Dresden,ME
Farmingdale,ME
Gardiner,ME
Conrad,IA
Denver,IA
Garwin,IA
Geneva,IA
Gilbertville,IA
Gladbrook,IA
Greene,IA
Grundy Center,IA
Hazleton,IA
Holland,IA
Hudson,IA
Independence,IA
Ionia,IA
Janesville,IA
Jesup,IA
Kesley,IA
Lamont,IA
La Porte City,IA
Lincoln,IA
Defiance,IA
Dow City,IA
Dunlap,IA
Thurman,IA
Yorktown,IA
Dubuque,IA
Andrew,IA
Bellevue,IA
Bernard,IA
Cascade,IA
Colesburg,IA
Delaware,IA
Delmar,IA
Dundee,IA
Durango,IA
Dyersville,IA
Earlville,IA
Edgewood,IA
Elkader,IA
Elkport,IA
Epworth,IA
Farley,IA
Farmersburg,IA
Garber,IA
Garnavillo,IA
Greeley,IA
Guttenberg,IA
Holy Cross,IA
La Motte,IA
Luxemburg,IA
Manchester,IA
Maquoketa,IA
Miles,IA
New Vienna,IA
North Buena Vista,IA
Peosta,IA
Preston,IA
Sabula,IA
Saint Donatus,IA
Saint Olaf,IA
Sherrill,IA
Spragueville,IA
Springbrook,IA
Rockwell City,IA
Randolph,ME
Rolfe,IA
Hallowell,ME
Jefferson,ME
Kents Hill,ME
Litchfield,ME
Manchester,ME
Mount Vernon,ME
Whitefield,ME
Palermo,ME
Readfield,ME
Rutland,IA
Sac City,IA
Richmond,ME
South China,ME
South Gardiner,ME
Vienna,ME
Windsor,ME
Winthrop,ME
Truesdale,IA
Bangor,ME
Varina,IA
Abbot,ME
Aurora,ME
Bradford,ME
Bradley,ME
Webster City,IA
Brewer,ME
West Bend,IA
Brookton,ME
Brownville,ME
Brownville Junction,ME
Ackley,IA
Bucksport,ME
Allison,IA
Burlington,ME
Greenbush,ME
Carmel,ME
Alta Vista,IA
Castine,ME
Charleston,ME
Aplington,IA
Danforth,ME
Aurora,IA
Dover Foxcroft,ME
Corinth,ME
Eddington,ME
Holden,ME
Beaman,IA
East Millinocket,ME
East Orland,ME
Bristow,IA
Etna,ME
Exeter,ME
Frankfort,ME
Greenville,ME
Greenville Junction,ME
Clarksville,IA
Colwell,IA
Guilford,ME
Volga,IA
Hampden,ME
Worthington,IA
Howland,ME
Zwingle,IA
Hudson,ME
Decorah,IA
Kenduskeag,ME
Kingman,ME
Lagrange,ME
Lambert Lake,ME
Lee,ME
Levant,ME
Lincoln,ME
Mattawamkeag,ME
Medway,ME
Milford,ME
Millinocket,ME
Cresco,IA
Dorchester,IA
Milo,ME
Fayette,IA
Monson,ME
Fort Atkinson,IA
Harpers Ferry,IA
Old Town,ME
Elgin,IA
Orono,ME
Hawkeye,IA
Orient,ME
Orland,ME
Orrington,ME
Passadumkeag,ME
Penobscot,ME
Lansing,IA
Lawler,IA
McGregor,IA
Marquette,IA
Rockwood,ME
Sangerville,ME
Sebec,ME
Shirley Mills,ME
Springfield,ME
Stetson,ME
Stillwater,ME
Topsfield,ME
Vanceboro,ME
Waite,ME
West Enfield,ME
Winn,ME
New Albin,IA
Ossian,IA
Ridgeway,IA
Saint Lucas,IA
Winterport,ME
Wytopitlock,ME
Windham,ME
Ocean Park,ME
Rockwood,ME
Old Town,ME
Sangerville,ME
Monona,IA
Orono,ME
Calmar,IA
New Albin,IA
Spillville,IA
Wadena,IA
Alna,ME
Wadena,IA
Waterville,IA
Bath,ME
Alna,ME
Boothbay,ME
Bath,ME
Boothbay,ME
Boothbay Harbor,ME
Bristol,ME
Waucoma,IA
Waukon,IA
West Union,IA
Ainsworth,IA
Alburnett,IA
Amana,IA
Anamosa,IA
Atkins,IA
Baldwin,IA
Belle Plaine,IA
Blairstown,IA
Brandon,IA
Brooklyn,IA
Center Junction,IA
Center Point,IA
Central City,IA
Chelsea,IA
Clarence,IA
Clutier,IA
Coggon,IA
Prairieburg,IA
Conroy,IA
Guernsey,IA
Deep River,IA
Delhi,IA
Dysart,IA
Elberon,IA
Ely,IA
Fairfax,IA
Garrison,IA
Harper,IA
Hartwick,IA
Hiawatha,IA
Hills,IA
Homestead,IA
Hopkinton,IA
Iowa City,IA
Coralville,IA
Kalona,IA
Keota,IA
Keystone,IA
Ladora,IA
Langworthy,IA
Lisbon,IA
Lost Nation,IA
Lowden,IA
Luzerne,IA
Marengo,IA
Marion,IA
Martelle,IA
Mechanicsville,IA
Middle Amana,IA
Millersburg,IA
Monmouth,IA
Monticello,IA
Morley,IA
Mount Auburn,IA
Mount Vernon,IA
Newhall,IA
North English,IA
North Liberty,IA
Norway,IA
Olin,IA
Onslow,IA
Oxford,IA
Oxford Junction,IA
Palo,IA
Parnell,IA
Quasqueton,IA
Riverside,IA
Robins,IA
Rowley,IA
Ryan,IA
Shellsburg,IA
Solon,IA
South Amana,IA
South English,IA
Chamberlain,ME
Lytton,IA
Damariscotta,ME
East Boothbay,ME
Friendship,ME
Georgetown,ME
Bremen,ME
Manson,IA
Newcastle,ME
New Harbor,ME
Marathon,IA
Nobleboro,ME
Edgecomb,ME
Pemaquid,ME
Phippsburg,ME
Cushing,ME
Round Pond,ME
South Bristol,ME
Squirrel Island,ME
Trevett,ME
Newell,IA
Waldoboro,ME
Otho,IA
Walpole,ME
Washington,ME
West Boothbay Harbor,ME
Southport,ME
Wiscasset,ME
Pomeroy,IA
Woolwich,ME
Rembrandt,IA
Sioux Rapids,IA
Ellsworth,ME
Addison,ME
Somers,IA
Gouldsboro,ME
Bar Harbor,ME
Storm Lake,IA
Beals,ME
Swea City,IA
Bernard,ME
Birch Harbor,ME
Thor,IA
Blue Hill,ME
Vincent,IA
Brooklin,ME
Brooksville,ME
Calais,ME
Woolstock,IA
Cherryfield,ME
Aredale,IA
Austinville,IA
Columbia Falls,ME
Corea,ME
Cranberry Isles,ME
Cutler,ME
Deer Isle,ME
Dennysville,ME
East Machias,ME
Eastport,ME
Charles City,IA
Strawberry Point,IA
Franklin,ME
Frenchboro,ME
Hancock,ME
Harborside,ME
Harrington,ME
Isle Au Haut,ME
Islesford,ME
Jonesboro,ME
Jonesport,ME
Little Deer Isle,ME
Clermont,IA
Lubec,ME
Bass Harbor,ME
Lime Springs,IA
Machias,ME
Stanwood,IA
Machiasport,ME
Swisher,IA
Meddybemps,ME
Milbridge,ME
Mount Desert,ME
Northeast Harbor,ME
Sullivan,ME
Pembroke,ME
Perry,ME
Princeton,ME
Prospect Harbor,ME
Robbinston,ME
Sargentville,ME
Seal Cove,ME
Seal Harbor,ME
Sedgwick,ME
Sorrento,ME
Southwest Harbor,ME
Steuben,ME
Stonington,ME
Sunset,ME
Surry,ME
Swans Island,ME
Wesley,ME
Whiting,ME
Vinton,IA
Winter Harbor,ME
Baileyville,ME
Houlton,ME
Ashland,ME
Benedicta,ME
Blaine,ME
Bridgewater,ME
Webster,IA
Wellman,IA
Caribou,ME
West Chester,IA
Clayton Lake,ME
Williamsburg,IA
Wyoming,IA
Cedar Rapids,IA
Eagle Lake,ME
Easton,ME
Waucoma,IA
Tama,IA
Tiffin,IA
Fort Fairfield,ME
Agency,IA
Fort Kent,ME
Albia,IA
Frenchville,ME
Grand Isle,ME
Island Falls,ME
Limestone,ME
Madawaska,ME
Batavia,IA
Beacon,IA
Birmingham,IA
Blakesburg,IA
Bloomfield,IA
Brighton,IA
Brighton,IA
Ottumwa,IA
Mapleton,ME
Cantril,IA
Cedar,IA
Mars Hill,ME
Monticello,ME
New Limerick,ME
New Sweden,ME
Oakfield,ME
Centerville,IA
Oxbow,ME
Cincinnati,IA
Patten,ME
Perham,ME
Delta,IA
Douds,IA
Centerville,IA
Portage,ME
Presque Isle,ME
Portage,ME
Saint Agatha,ME
Saint David,ME
Saint Francis,ME
Drakesville,IA
Eddyville,IA
Sherman,ME
Stacyville,ME
Sinclair,ME
Fairfield,IA
Smyrna Mills,ME
Floris,IA
Wallagrass,ME
Stockholm,ME
Eddyville,IA
Eldon,IA
Hayesville,IA
Van Buren,ME
Hedrick,IA
Washburn,ME
Westfield,ME
Kirkville,IA
Rockland,ME
Libertyville,IA
Camden,ME
Hope,ME
Islesboro,ME
Lincolnville,ME
Matinicus,ME
Monhegan,ME
North Haven,ME
Owls Head,ME
Rockport,ME
Port Clyde,ME
Mount Sterling,IA
South Thomaston,ME
Mystic,IA
Spruce Head,ME
Tenants Harbor,ME
Thomaston,ME
Union,ME
Melrose,IA
Milton,IA
Vinalhaven,ME
Warren,ME
Waterville,ME
Albion,ME
Plano,IA
Ollie,IA
Oskaloosa,IA
Anson,ME
Athens,ME
Richland,IA
Rose Hill,IA
Belfast,ME
Belgrade,ME
Selma,IA
Seymour,IA
Belgrade Lakes,ME
Bingham,ME
Brooks,ME
Sigourney,IA
Burnham,ME
Cambridge,ME
Canaan,ME
Caratunk,ME
China Village,ME
Clinton,ME
Corinna,ME
Unionville,IA
Detroit,ME
Bonaparte,IA
Danville,IA
Dexter,ME
Dixmont,ME
Eustis,ME
Denmark,IA
Farmington,IA
Farmington,ME
Fort Madison,IA
Garland,ME
Fairfield,ME
Donnellson,IA
Farmington Falls,ME
Hillsboro,IA
Freedom,ME
Harmony,ME
Hartland,ME
Houghton,IA
Hinckley,ME
Keokuk,IA
Jackman,ME
Kingfield,ME
Liberty,ME
Madison,ME
Mediapolis,IA
Middletown,IA
Monroe,ME
Morrill,ME
Newport,ME
Mount Pleasant,IA
New Sharon,ME
New Vineyard,ME
North Anson,ME
Mount Union,IA
New London,IA
Norridgewock,ME
New Portland,ME
Oakville,IA
Sperry,IA
Oquossoc,ME
Salem,IA
Stockport,IA
Oakland,ME
Palmyra,ME
Phillips,ME
Swedesburg,IA
Wapello,IA
Pittsfield,ME
Plymouth,ME
Rangeley,ME
Saint Albans,ME
Searsmont,ME
Searsport,ME
Shawmut,ME
Wayland,IA
West Burlington,IA
Smithfield,ME
Wever,IA
Winfield,IA
Skowhegan,ME
Solon,ME
Yarmouth,IA
Stockton Springs,ME
Stratton,ME
Atalissa,IA
Strong,ME
Temple,ME
Andover,IA
Bennett,IA
West Forks,ME
Thorndike,ME
Troy,ME
Blue Grass,IA
Bryant,IA
Unity,ME
Vassalboro,ME
West Farmington,ME
Calamus,IA
Charlotte,IA
White River Junction,VT
Ascutney,VT
Camanche,IA
Barnard,VT
Clinton,IA
Columbus City,IA
Bradford,VT
Bethel,VT
Bridgewater,VT
Columbus Junction,IA
Conesville,IA
De Witt,IA
Bridgewater Corners,VT
Brookfield,VT
Brownsville,VT
Dixon,IA
Chelsea,VT
Donahue,IA
Corinth,VT
East Corinth,VT
East Randolph,VT
East Ryegate,VT
Eldridge,IA
Fruitland,IA
East Thetford,VT
Groton,VT
Goose Lake,IA
Le Claire,IA
Hartland,VT
Grandview,IA
Fairlee,VT
McIndoe Falls,VT
Newbury,VT
Letts,IA
Lone Tree,IA
North Hartland,VT
North Pomfret,VT
Norwich,VT
Long Grove,IA
Plymouth,VT
Post Mills,VT
Quechee,VT
Randolph,VT
McCausland,IA
Randolph Center,VT
Moscow,IA
Reading,VT
Sharon,VT
South Pomfret,VT
South Royalton,VT
South Ryegate,VT
New Liberty,IA
Nichols,IA
South Strafford,VT
South Woodstock,VT
Strafford,VT
Taftsville,VT
Thetford Center,VT
Topsham,VT
Princeton,IA
Stockton,IA
Tunbridge,VT
Vershire,VT
West Fairlee,VT
Walcott,IA
Welton,IA
Wells River,VT
West Liberty,IA
West Hartford,VT
Wheatland,IA
West Topsham,VT
Wilder,VT
Wilton,IA
Davenport,IA
Adell,WI
Windsor,VT
Allenton,WI
Woodstock,VT
Bellows Falls,VT
Ashippun,WI
Cambridgeport,VT
Brookfield,WI
Cavendish,VT
Chester,VT
Brownsville,WI
Grafton,VT
Londonderry,VT
North Springfield,VT
Campbellsport,WI
Cascade,WI
Ludlow,VT
Perkinsville,VT
Cedarburg,WI
Peru,VT
Proctorsville,VT
Cedar Grove,WI
Chilton,WI
Saxtons River,VT
South Londonderry,VT
Cleveland,WI
Springfield,VT
Clyman,WI
Westminster,VT
Colgate,WI
Weston,VT
Eden,WI
Bennington,VT
Arlington,VT
Dorset,VT
Elkhart Lake,WI
East Arlington,VT
Fredonia,WI
Germantown,WI
East Dorset,VT
Glenbeulah,WI
Manchester,VT
Grafton,WI
Manchester Center,VT
North Bennington,VT
Hartford,WI
North Pownal,VT
Hartland,WI
Pownal,VT
Shaftsbury,VT
Brattleboro,VT
Hingham,WI
Horicon,WI
Bondville,VT
East Dover,VT
Jacksonville,VT
Jamaica,VT
Marlboro,VT
Putney,VT
Hustisford,WI
Iron Ridge,WI
Johnson Creek,WI
Newfane,VT
Readsboro,VT
South Newfane,VT
Juneau,WI
Kewaskum,WI
Stamford,VT
Townshend,VT
Vernon,VT
Wardsboro,VT
Kiel,WI
Lannon,WI
West Dover,VT
West Halifax,VT
Lomira,WI
West Townshend,VT
West Wardsboro,VT
Whitingham,VT
Williamsville,VT
Burlington,VT
Menomonee Falls,WI
Wilmington,VT
South Burlington,VT
Mount Calvary,WI
Winooski,VT
Colchester,VT
Alburgh,VT
Bakersfield,VT
Belvidere Center,VT
Nashotah,WI
Cambridge,VT
Newton,WI
Bristol,VT
Charlotte,VT
East Berkshire,VT
East Fairfield,VT
Oakfield,WI
Enosburg Falls,VT
Essex Junction,VT
Fairfax,VT
Fairfield,VT
Oostburg,WI
Plymouth,WI
Ferrisburgh,VT
Franklin,VT
Grand Isle,VT
Highgate Center,VT
Hinesburg,VT
Port Washington,WI
Random Lake,WI
Rubicon,WI
Huntington,VT
Isle La Motte,VT
Saint Cloud,WI
Jeffersonville,VT
Saukville,WI
Jericho,VT
Milton,VT
Montgomery Center,VT
Sheboygan,WI
New Haven,VT
Slinger,WI
North Ferrisburgh,VT
Stockbridge,WI
North Hero,VT
Richford,VT
Richmond,VT
Sussex,WI
West Bend,WI
Theresa,WI
Saint Albans,VT
Mequon,WI
Saint Albans Bay,VT
Waldo,WI
Shelburne,VT
Sheldon,VT
Sheldon Springs,VT
South Hero,VT
Starksboro,VT
Swanton,VT
Watertown,WI
Woodland,WI
Underhill,VT
Vergennes,VT
Waterville,VT
Burlington,WI
Caledonia,WI
Westford,VT
Williston,VT
Adamant,VT
Cudahy,WI
Darien,WI
Eagle,WI
Montpelier,VT
Dousman,WI
East Troy,WI
Barre,VT
Cabot,VT
Calais,VT
Elkhorn,WI
Elm Grove,WI
East Barre,VT
East Calais,VT
East Montpelier,VT
Eden,VT
Franksville,WI
Eden Mills,VT
Graniteville,VT
Genesee Depot,WI
Genoa City,WI
Hyde Park,VT
Johnson,VT
Greendale,WI
Hales Corners,WI
Marshfield,VT
Moretown,VT
Morrisville,VT
Northfield,VT
Franklin,WI
Helenville,WI
Northfield Falls,VT
North Montpelier,VT
Plainfield,VT
Roxbury,VT
Kenosha,WI
South Barre,VT
Lake Geneva,WI
Stowe,VT
Mukwonago,WI
Muskego,WI
Waitsfield,VT
North Prairie,WI
Warren,VT
Washington,VT
Oak Creek,WI
Palmyra,WI
Waterbury,VT
Waterbury Center,VT
Williamstown,VT
Pell Lake,WI
Pleasant Prairie,WI
Rochester,WI
Websterville,VT
Wolcott,VT
Woodbury,VT
Worcester,VT
South Milwaukee,WI
Silver Lake,WI
Rutland,VT
Belmont,VT
Springfield,WI
Sturtevant,WI
Benson,VT
Bomoseen,VT
Brandon,VT
Trevor,WI
Twin Lakes,WI
Bridport,VT
Union Grove,WI
Castleton,VT
Center Rutland,VT
Chittenden,VT
Cuttingsville,VT
Danby,VT
Walworth,WI
East Wallingford,VT
Waterford,WI
Waukesha,WI
Fair Haven,VT
Florence,VT
Gaysville,VT
Granville,VT
Hancock,VT
Killington,VT
Middlebury,VT
Middletown Springs,VT
Whitewater,WI
Mount Holly,VT
Milwaukee,WI
North Clarendon,VT
Saint Francis,WI
Orwell,VT
Pawlet,VT
Pittsfield,VT
Pittsford,VT
Poultney,VT
Proctor,VT
Ripton,VT
Rochester,VT
Rupert,VT
Arena,WI
Argyle,WI
Avoca,WI
Salisbury,VT
Barneveld,WI
Shoreham,VT
Stockbridge,VT
Belleville,WI
Wallingford,VT
Wells,VT
Belmont,WI
Beloit,WI
West Pawlet,VT
Black Earth,WI
West Rupert,VT
Whiting,VT
Blanchardville,WI
Blue Mounds,WI
Blue River,WI
Brodhead,WI
West Rutland,VT
Saint Johnsbury,VT
Brooklyn,WI
Albany,VT
Barnet,VT
Browntown,WI
Cambridge,WI
Barton,VT
Clinton,WI
Concord,VT
Coventry,VT
Avalon,WI
Cottage Grove,WI
Craftsbury,VT
Cross Plains,WI
Craftsbury Common,VT
Darlington,WI
Derby,VT
Danville,VT
Derby Line,VT
Dane,WI
Deerfield,WI
East Burke,VT
Deforest,WI
Dodgeville,WI
East Charleston,VT
Edgerton,WI
East Hardwick,VT
East Haven,VT
Evansville,WI
Footville,WI
Glover,VT
Fort Atkinson,WI
Granby,VT
Greensboro,VT
Greensboro Bend,VT
Gotham,WI
Gratiot,WI
Hardwick,VT
Irasburg,VT
Highland,WI
Island Pond,VT
Hollandale,WI
Janesville,WI
Lowell,VT
Lyndon Center,VT
Lyndonville,VT
Juda,WI
Morgan,VT
Lake Mills,WI
Newport,VT
Linden,WI
Livingston,WI
Newport Center,VT
North Concord,VT
Lodi,WI
Lone Rock,WI
North Troy,VT
Lowell,WI
Orleans,VT
Mcfarland,WI
Peacham,VT
Marshall,WI
Sheffield,VT
Sutton,VT
Mazomanie,WI
Merrimac,WI
Troy,VT
Middleton,WI
West Charleston,VT
Milton,WI
West Burke,VT
West Danville,VT
Jefferson,WI
Mineral Point,WI
Westfield,VT
Averill,VT
Beecher Falls,VT
Canaan,VT
Monroe,WI
Montfort,WI
Gilman,VT
Guildhall,VT
Morrisonville,WI
Lunenburg,VT
Norton,VT
Avon,CT
Muscoda,WI
Bloomfield,CT
Oregon,WI
Bristol,CT
Orfordville,WI
Burlington,CT
Plain,WI
Broad Brook,CT
Prairie Du Sac,WI
Canaan,CT
Canton,CT
Reeseville,WI
Rewey,WI
Canton Center,CT
Colebrook,CT
East Berlin,CT
Ridgeway,WI
Collinsville,CT
Sauk City,WI
East Canaan,CT
Sextonville,WI
East Granby,CT
East Hartland,CT
Ellington,CT
Falls Village,CT
Farmington,CT
Glastonbury,CT
Spring Green,WI
South Wayne,WI
Granby,CT
Berlin,CT
Stoughton,WI
Lakeville,CT
Sun Prairie,WI
